Cluster,Count,Sentiment_mean,Sentiment_std,Aggressiveness_mean,Aggressiveness_std,Satisfaction_mean,Satisfaction_std,Score_mean,Score_std
0,353,5.0,0.0,1.019830028328612,0.1396138119317049,5.0,0.0,4.968838526912181,0.17400058610822494
1,94,2.1382978723404253,0.34706337402097365,4.914893617021277,0.8508006914183599,2.127659574468085,0.5908630930192629,2.8617021276595747,0.6324736184695299
2,133,3.781954887218045,0.49754466625531824,1.593984962406015,0.807517651415692,4.345864661654136,0.7789378236161872,3.9097744360902253,0.39807580016231703
3,97,1.4123711340206186,0.4948185130173914,7.154639175257732,1.034208696959168,1.1546391752577319,0.36343861774167496,1.2577319587628866,0.4627443164486175
4,284,3.9964788732394365,0.059339082909692684,1.2464788732394365,0.7991746601095849,4.947183098591549,0.22406260545235188,5.0,0.0
